NLP,Wikidata ID,location
0000031,Q36405,"Aberdeen, Grampian, Scotland"
0000032,Q36405,"Aberdeen, Grampian, Scotland"
0000033,Q2256,"Birmingham, West Midlands, England"
0000034,Q23154,"Bristol, Avon, England"
0000035,Q23154,"Bristol, Avon, England"
0000038,Q10686,"Belfast, Ireland"
0000051,Q84,"London, England"
0000053,Q84,"London, England"
0000058,Q428829,"Caernarvon, Gwynedd, Wales"
0000059,Q428829,"Caernarvon, Gwynedd, Wales"
0000060,Q4093,"Glasgow, Strathclyde, Scotland"
0000069,Q72259,"Portsmouth, Hampshire, England"
0000070,Q72259,"Portsmouth, Hampshire, England"
0000071,Q184775,"Ipswich, Suffolk, England"
0000072,Q84,"London, England"
0000075,Q34217,"Oxford, Oxfordshire, England"
0000076,Q39121,"Leeds, West Yorkshire, England"
0000079,Q84,"London, England"
0000081,Q24826,"Liverpool, Merseyside, England"
0000083,Q18125,"Manchester, Greater Manchester, England"
0000098,Q84,"London, England"
0000099,Q184090,"Preston, Lancashire, England"
0000150,Q1646181,"Worcester, Hereford & Worcester, England/Worcester, Worcestershire, England"
0000151,Q188313,"Blackburn, Lancashire, England"
0000152,Q188313,"Blackburn, Lancashire, England"
0000153,Q188313,"Blackburn, Lancashire, England"
0000154,Q188313,"Blackburn, Lancashire, England"
0000155,Q22905,"Bradford, West Yorkshire, England"
0000160,Q123709,"Dundee, Tayside, Scotland/Dundee, Angus, Scotland"
0000161,Q123709,"Dundee, Tayside, Scotland"
0000162,Q123709,"Dundee, Angus, Scotland/Dundee, Tayside, Scotland"
0000164,Q123709,"Dundee, Tayside, Scotland"
0000165,Q184163,"Colchester, Essex, England"
0000166,Q184163,"Colchester, Essex, England"
0000170,Q776556,"Ryde, Isle of Wight, England"
0000171,Q320514,"Lancaster, Lancashire, England"
0000174,Q84,"London, England"
0000177,Q180803,"Truro, Cornwall, England"
0000178,Q180803,"Truro, Cornwall, England"
0000180,Q180803,"Truro, Cornwall, England"
0000181,Q42448,"Sheffield, Yorkshire, England/Sheffield, South Yorkshire, England"
0000182,Q79848,"Southampton, Hampshire, England"
0000183,Q84,"London, England"
0000185,Q496368,"Wrexham, Clwyd, Wales/Wrexham, Denbighshire, Wales"
0000197,Q24826,"Liverpool, Merseyside, England"
0000200,Q18125,"Manchester, Greater Manchester, England"
0000201,Q18125,"Manchester, Greater Manchester, England"
0000203,Q546635,"Leamington, Warwickshire, England"
0000205,Q83065,"Leicester, Leicestershire, England"
0000206,Q18125,"Manchester, Greater Manchester, England/Manchester., Greater Manchester, England"
0000209,Q84,"London, England"
0000212,Q646980,"Aldershot, Hampshire, England"
0000213,Q84,"London, England"
0000215,Q826782,"Stafford, Staffordshire, England"
0000216,Q246884,"Lewes, Sussex, England"
0000217,Q646980,"Aldershot, Hampshire, England"
0000218,Q1002826,"Alnwick, Northumberland, England"
0000228,Q823600,"Chesterfield, Derbyshire, England"
0000230,Q172157,"Winchester., Hampshire, England/Winchester, Hampshire, England"
0000231,Q172157,"Winchester, Hampshire, England"
0000235,Q29303,"Canterbury, Kent, England"
0000237,Q1000662,"Stamford, Lincolnshire, England"
0000239,Q18125,"Manchester, Greater Manchester, England"
0000240,Q18125,"Manchester, Greater Manchester, England"
0000244,Q130191,"Norwich, Norfolk, England"
0000245,Q130191,"Norwich, Norfolk, England"
0000246,Q130191,"Norwich, Norfolk, England"
0000247,Q130191,"Norwich, Norfolk, England"
0000249,Q546635,"Leamington, Warwickshire, England"
0000250,Q42448,"Sheffield, South Yorkshire, England"
0000251,Q826782,"Stafford, Staffordshire, England"
0000252,Q826782,"Stafford, Staffordshire, England/Stafford., Staffordshire, England"
0000254,Q1000662,"Stamford, Lincolnshire, England"
0000256,Q246884,"Lewes, East Sussex, England/Lewes., East Sussex, England"
0000257,Q246884,"Lewes., East Sussex, England/Lewes, East Sussex, England"
0000258,Q246884,"Lewes, East Sussex, England"
0000260,Q246884,"Lewes, East Sussex, England"
0000261,Q246884,"Lewes, East Sussex, England"
0000263,Q246884,"Lewes, East Sussex, England"
0000269,Q123709,"Dundee, Angus, Scotland/Dundee, Tayside, Scotland"
0000270,Q213474,"Aylesbury, Buckinghamshire, England/Aylesbury., Buckinghamshire, England"
0000271,Q24826,"Liverpool, Merseyside, England/Liverpool., Merseyside, England"
0000272,Q18125,"Manchester, Greater Manchester, England"
0000273,Q39121,"Leeds, West Yorkshire, England"
0000274,Q42448,"Sheffield., South Yorkshire, England"
0000275,Q42448,"Sheffield., South Yorkshire, England/Sheffield, South Yorkshire, England"
0000276,Q42448,"Sheffield, South Yorkshire, England"
0000277,Q209096,"Burnley, Lancashire, England"
0000278,Q209096,"Burnley, Lancashire, England"
0000279,Q209096,"Burnley, Lancashire, England"
0000280,Q209096,"Burnley, Lancashire, England"
0000281,Q209096,"Burnley., Lancashire, England"
0000282,Q209096,"Burnley, Lancashire, England"
0000283,Q209096,"Burnley., Lancashire, England/Burnley, Lancashire, England"
0000284,Q279000,"South Shields, Tyne and Wear, England"
0000285,Q279000,"South Shields, Tyne and Wear, England"
0000286,Q279000,"South Shields, Tyne and Wear, England"
0000287,Q279000,"South Shields, Tyne and Wear, England/South Shields., Tyne and Wear, England"
0000288,Q279000,"South Shields, Tyne and Wear, England"
0000289,Q188304,"Sunderland., Tyne and Wear, England/Sunderland, Tyne and Wear, England"
0000290,Q72259,"Portsmouth, Hampshire, England/Portsmouth., Hampshire, England"
0000291,Q29245,"Hastings, East Sussex, England"
0000292,Q29245,"Hastings, East Sussex, England"
0000293,Q29245,"Hastings, East Sussex, England"
0000295,Q123709,"Dundee, Tayside, Scotland"
0000296,Q123709,"Dundee, Tayside, Scotland"
0000297,Q123709,"Dundee, Tayside, Scotland"
0000299,Q826782,"Stafford., Staffordshire, England"
0000300,Q826782,"Stafford., Staffordshire, England"
0000301,Q29303,"Canterbury., Kent, England/Canterbury, Kent, England"
0000302,Q29303,"Canterbury, Kent, England"
0000303,Q84,"London, England"
0000304,Q84,"London, England"
0000305,Q84,"London, England"
0000306,Q84,"London, England"
0000307,Q84,"London, England"
0000309,Q84,"London., England/London, England"
0000310,Q474605,"Rochdale, Greater Manchester, England"
0000313,Q1554129,"Louth, Lincolnshire, England"
0000314,Q845619,"Taunton, Somerset, England"
0000315,Q47822,"Bury, Greater Manchester, England"
0000317,Q192240,"Northampton, Northamptonshire, England"
0000319,Q546635,"Leamington, Warwickshire, England"
0000336,Q39121,"Leeds., West Yorkshire, England/Leeds, West Yorkshire, England"
0000343,Q736785,"Morpeth, Northumberland, England"
0000344,Q736785,"Morpeth., Northumberland, England"
0000350,Q1646181,"Worcester., Hereford & Worcester, England/Worcester, Hereford & Worcester, England"
0000353,Q9681,"Hertford, Hertfordshire, England/Hertford., Hertfordshire, England"
0000354,Q180057,"Lincoln, Lincolnshire, England/Lincoln., Lincolnshire, England"
0000355,Q84,"London, England"
0000358,Q161491,"Reading, Berkshire, England"
0000359,Q1026699,"Devizes, Wiltshire, England"
0000360,Q1026699,"Devizes., Wiltshire, England/Devizes, Wiltshire, England"
0000361,Q160642,"Salisbury, Wiltshire, England/Salisbury., Wiltshire, England"
0000362,Q192896,"Carlisle, Cumbria, England"
0000363,Q192896,"Carlisle., Cumbria, England"
0000364,Q192896,"Carlisle, Cumbria, England"
0000365,Q192896,"Carlisle, Cumbria, England"
0000366,Q1425428,"Newcastle-upon-Tyne., Tyne and Wear, England"
0000367,Q161491,"Reading., Berkshire, England/Reading, Berkshire, England"
0000368,Q161491,"Reading., Berkshire, England"
0000369,Q161491,"Reading, Berkshire, England/Reading., Berkshire, England"
0000371,Q39121,"Leeds., West Yorkshire, England/Leeds, West Yorkshire, England"
0000376,Q215752,"Hartlepool, Cleveland, England"
0000377,Q215752,"Hartlepool, Cleveland, England"
0000378,Q215752,"Hartlepool, Cleveland, England"
0000382,Q84,"London, England"
0000386,Q213180,"Maidstone, Kent, England"
0000387,Q213180,"Maidstone, Kent, England"
0000388,Q170263,"Chester, Cheshire, England"
0000389,Q170263,"Chester, Cheshire, England"
0000390,Q170263,"Chester., Cheshire, England"
0000391,Q170263,"Chester, Cheshire, England"
0000394,Q1646181,"Worcester, Hereford & Worcester, England"
0000395,Q823600,"Chesterfield, Derbyshire, England"
0000396,Q204720,"Hereford, Hereford & Worcester, England/Hereford., Hereford & Worcester, England"
0000397,Q204720,"Hereford., Hereford & Worcester, England"
0000398,Q204720,"Hereford., Hereford & Worcester, England/Hereford, Hereford & Worcester, England"
0000399,Q994575,"Kendal, Cumbria, England/Kendal., Cumbria, England"
0000400,Q846683,"Grantham, Lincolnshire, England"
0000401,Q201970,"Shrewsbury, Shropshire, England"
0000405,Q1898698,"Wellington, Shropshire, England"
0000408,Q503331,"Dorchester., Dorset, England/Dorchester, Dorset, England"
0000409,Q586895,"Sherborne, Dorset, England"
0000410,Q586895,"Sherborne., Dorset, England/Sherborne, Dorset, England"
0000411,Q586895,"Sherborne., Dorset, England/Sherborne, Dorset, England"
0000412,Q984613,"Kettering, Northamptonshire, England/Kettering., Northamptonshire, England"
0000413,Q464955,"Windsor, Berkshire, England"
0000415,Q6226,"Saint Albans, Hertfordshire, England"
0000422,Q84,"London, England"
0000427,Q10686,"Belfast, Ireland"
0000428,Q10686,"Belfast, Ireland"
0000429,Q994575,"Kendal., Cumbria, England"
0000430,Q994575,"Kendal, Cumbria, England/Kendal., Cumbria, England"
0000434,Q10686,"Belfast, Ireland"
0000436,Q84,"London, England"
0000437,Q84,"London, England"
0000438,Q84,"London, England"
0000439,Q84,"London, England"
0000440,Q84,"London, England"
0000441,Q84,"London, England"
0000442,Q84,"London, England"
0000443,Q84,"London, England"
0000444,Q36405,"Aberdeen, Grampian, Scotland"
0000445,Q36405,"Aberdeen, Grampian, Scotland"
0000446,Q160493,"Inverness, Highland Region, Scotland"
0000447,Q1012047,"Cupar., Fife, Scotland/Cupar, Fife, Scotland"
0000448,Q1012047,"Cupar., Fife, Scotland/Cupar, Fife, Scotland"
0000450,Q654216,"Ayr., Strathclyde, Scotland"
0000451,Q654216,"Ayr, Strathclyde, Scotland"
0000452,Q23436,"Edinburgh, Lothian, Scotland/Edinburgh., Lothian, Scotland"
0000453,Q123709,"Dundee., Tayside, Scotland"
0000454,Q841074,"Elgin., Grampian, Scotland/Elgin, Grampian, Scotland"
0000459,Q1012502,"Wick, Highland Region, Scotland"
0000462,Q935702,"Oban, Strathclyde, Scotland"
0000463,Q208329,"Kirkwall, Orkney, Scotland"
0000464,Q211870,"Paisley, Strathclyde, Scotland"
0000465,Q623687,"Falkirk., Central Region, Scotland"
0000466,Q623687,"Falkirk., Central Region, Scotland/Falkirk, Central Region, Scotland"
0000467,Q623687,"Falkirk, Central Region, Scotland/Falkirk., Central Region, Scotland"
0000468,Q623687,"Falkirk., Central Region, Scotland/Falkirk, Central Region, Scotland"
0000469,Q772507,"Selkirk, Borders Region, Scotland"
0000470,Q504678,"Berwick-upon-Tweed, Northumberland, England/Berwick-upon-Tweed., Northumberland, England"
0000472,Q217831,"Greenock, Strathclyde, Scotland"
0000473,Q737547,"Motherwell, Strathclyde, Scotland/Motherwell., Strathclyde, Scotland"
0000475,Q630668,"Arbroath, Tayside, Scotland"
0000476,Q211950,"Dunfermline., Fife, Scotland"
0000477,Q211950,"Dunfermline., Fife, Scotland"
0000478,Q211950,"Dunfermline, Fife, Scotland/Dunfermline., Fife, Scotland"
0000479,Q203889,"Luton, Bedfordshire, England"
0000480,Q203889,"Luton, Bedfordshire, England"
0000488,Q320514,"Lancaster, Lancashire, England"
0000490,Q42448,"Sheffield, South Yorkshire, England"
0000491,Q42448,"Sheffield, South Yorkshire, England"
0000492,Q79848,"Southampton, Hampshire, England"
0000493,Q79848,"Southampton, Hampshire, England"
0000494,Q79848,"Southampton, Hampshire, England"
0000495,Q79848,"Southampton, Hampshire, England"
0000496,Q496368,"Wrexham, Clwyd, Wales/Wrexham, Denbighshire, Wales"
0000499,Q42462,"York, Yorkshire, England/York, North Yorkshire, England"
0000501,Q18125,"Manchester, Greater Manchester, England"
0000502,Q18125,"Manchester, Greater Manchester, England"
0000503,Q18125,"Manchester, Greater Manchester, England"
0000504,Q18125,"Manchester, Greater Manchester, England"
0000505,Q134672,"Exeter, Devon, England"
0000533,Q841074,"Elgin, Grampian, Scotland"
0000535,Q203889,"Luton, Bedfordshire, England"
0000536,Q203889,"Luton, Bedfordshire, England"
0000541,Q823600,"Chesterfield, Derbyshire, England"
0000545,Q23436,"Edinburgh, Scotland"
0000546,Q23436,"Edinburgh, Scotland"
0000547,Q23436,"Edinburgh, Scotland"
0000551,Q203000,"Perth, Scotland"
0000554,Q160642,"Salisbury, Wiltshire, England"
0000563,Q123709,"Dundee, Tayside, Scotland"
0000565,Q4093,"Glasgow, Strathclyde, Scotland"
0000566,Q4093,"Glasgow, Strathclyde, Scotland"
0000570,Q36405,"Aberdeen, Grampian, Scotland"
0000573,Q36405,"Aberdeen, Grampian, Scotland"
0000575,Q36405,"Aberdeen, Grampian, Scotland"
0000576,Q36405,"Aberdeen, Grampian, Scotland"
0000582,Q123709,"Dundee, Tayside, Scotland"
0000587,Q84,"London, England"
0000590,Q84,"London, England"
0000594,Q84,"London, England"
0000595,Q84,"London, England"
0000596,Q203889,"Luton, Bedfordshire, England"
0000597,Q203889,"Luton, Bedfordshire, England"
0000602,Q84,"London, England"
0000603,Q84,"London, England"
0000604,Q84,"London, England"
0000605,Q84,"London, England"
0000606,Q84,"London, England"
0000607,Q84,"London, England"
0000609,Q84,"London, England"
0000612,Q179815,"Durham, Durham, England"
0000613,Q179815,"Durham, Durham, England"
0000614,Q179815,"Durham, Durham, England"
0000615,Q2598,"Watford, Hertfordshire, England"
0000616,Q2598,"Watford, Hertfordshire, England"
0000620,Q478029,"Falmouth, Cornwall, England"
0000622,Q1002826,"Alnwick, Northumberland, England"
0000626,Q79848,"Southampton, Hampshire, England"
0000627,Q79848,"Southampton, Hampshire, England"
0000628,Q79848,"Southampton, Hampshire, England"
0000629,Q22905,"Bradford, West Yorkshire, England"
0000632,Q42462,"York, North Yorkshire, England"
0000633,Q42462,"York, North Yorkshire, England"
0000634,Q34217,"Oxford, Oxfordshire, England"
0000635,Q546635,"Leamington, Warwickshire, England"
0000638,Q170478,"Bournemouth, Dorset, England"
0000642,Q64116,"High Wycombe, Buckinghamshire, England"
0000645,Q184579,"Bolton, Greater Manchester, England"
0000646,Q184579,"Bolton, Greater Manchester, England"
0000647,Q24826,"Liverpool, Merseyside, England"
0000648,Q24826,"Liverpool, Merseyside, England"
0000649,Q24826,"Liverpool, Merseyside, England"
0000650,Q24826,"Liverpool, Merseyside, England"
0000652,Q188313,"Blackburn, Lancashire, England"
0000654,Q246884,"Lewes, East Sussex, England"
0000655,Q246884,"Lewes, East Sussex, England"
0000657,Q203889,"Luton, Bedfordshire, England"
0000658,Q203889,"Luton, Bedfordshire, England"
0000665,Q213485,"Lerwick, Shetland, Scotland"
0000666,Q213485,"Lerwick, Shetland, Scotland"
0000672,Q209096,"Burnley, Lancashire, England"
0000674,Q200942,"Swindon, Wiltshire, England"
0000675,Q200942,"Swindon, Wiltshire, England"
0000682,Q478029,"Falmouth, Cornwall, England"
0000684,Q84,"London, England"
0000686,Q39121,"Leeds, West Yorkshire, England"
0000687,Q39121,"Leeds, Yorkshire, England"
0000693,Q84,"London, England"
0000696,Q123709,"Dundee, Tayside, Scotland"
0000697,Q123709,"Dundee, Tayside, Scotland"
0000698,Q123709,"Dundee, Tayside, Scotland"
0000699,Q209096,"Burnley, Lancashire, England"
0000710,Q184090,"Preston, Lancashire, England"
0000711,Q184090,"Preston, Lancashire, England"
0000712,Q184090,"Preston, Lancashire, England"
0000717,Q504678,"Berwick-upon-Tweed, Northumberland, England"
0000731,Q279000,"South Shields, Tyne and Wear, England"
0000733,Q623687,"Falkirk, Central Region, Scotland"
0000747,Q39121,"Leeds, West Yorkshire, England"
0000748,Q39121,"Leeds, West Yorkshire, England"
0000749,Q208257,"Bedford, Bedfordshire, England"
0000751,Q2224167,"Biggleswade, Bedfordshire, England"
0000752,Q2224167,"Biggleswade, Bedfordshire, England"
0000753,Q2224167,"Biggleswade, Bedfordshire, England"
0000762,Q764754,"Bury Saint Edmunds, Suffolk, England"
0000763,Q42448,"Sheffield, South Yorkshire, England"
0000771,Q24826,"Liverpool, Merseyside, England"
0000772,Q123709,"Dundee, Tayside, Scotland"
0000773,Q123709,"Dundee, Tayside, Scotland"
0000775,Q207736,"Saint Andrews, Fife, Scotland"
0000780,Q10686,"Belfast, Ireland"
0000781,Q10686,"Belfast, Ireland"
0000822,Q990109,"Enniskillen, Co. Fermanagh, Ireland"
0000823,Q990109,"Enniskillen, Co. Fermanagh, Ireland"
0000829,Q269980,"Newry, Co. Down, Ireland"
0000830,Q269980,"Newry, Co. Down, Ireland"
0000861,Q84,"London, England"
0000862,Q851718,"Beverley, Humberside, England"
0000868,Q193452,"Armagh, Co. Armagh, Ireland"
0000869,Q193452,"Armagh, Co. Armagh, Ireland"
0000870,Q193452,"Armagh, Co. Armagh, Ireland"
0000872,Q24826,"Liverpool, Merseyside, England"
0000892,Q84,"London, England"
0000893,Q84,"London, England"
0000900,Q851718,"Beverley, Humberside, England"
0000903,Q23051,"Swansea, West Glamorgan, Wales"
0000904,Q496368,"Wrexham, Clwyd, Wales"
0000905,Q1021164,"Pontypool, Gwent, Wales"
0000906,Q1021164,"Pontypool, Gwent, Wales"
0000910,Q990103,"Haverfordwest, Dyfed, Wales"
0000911,Q752762,"Merthyr Tydfil, Mid Glamorgan, Wales"
0000916,Q427792,"Penarth, South Glamorgan, Wales"
0000923,Q1186888,"Denbigh, Clwyd, Wales"
0000925,Q2020203,"Rhyl, Clwyd, Wales"
0000936,Q84,"London, England"
0000937,Q84,"London, England"
0000938,Q131491,"Brighton, East Sussex, England"
0000939,Q208257,"Bedford, Bedfordshire, England"
0000940,Q208257,"Bedford, Bedfordshire, England"
0000942,Q84,"London, England"
0000950,Q1012481,"Whitehaven, Cumbria, England"
0000951,Q84,"London, England"
0000954,Q407183,"Hawick, Borders Region, Scotland"
0000959,Q269980,"Newry, Co. Down, Ireland"
0000960,Q269980,"Newry, Co. Down, Ireland"
0000961,Q183329,"Saffron Walden, Essex, England"
0000962,Q640073,"Ardrossan, Strathclyde, Scotland"
0000963,Q1020231,"Newport Pagnell, Buckinghamshire, England"
0000966,Q659803,"Ashton-under-Lyne, Greater Manchester, England"
0000967,Q659803,"Ashton-under-Lyne, Greater Manchester, England"
0000968,Q659803,"Ashton-under-Lyne, Greater Manchester, England"
0000970,Q217831,"Greenock, Strathclyde, Scotland"
0000978,Q184579,"Bolton, Greater Manchester, England"
0000979,Q184579,"Bolton, Greater Manchester, England"
0000980,Q904472,"Brecon, Powys, Wales"
0000981,Q23154,"Bristol, Avon, England"
0000982,Q23154,"Bristol, Avon, England"
0000983,Q23154,"Bristol, Avon, England"
0000984,Q23154,"Bristol, Avon, England"
0000985,Q1020951,"Ilkley, West Yorkshire, England"
0000986,Q18125,"Manchester, Greater Manchester, England"
0000987,Q34217,"Oxford, Oxfordshire, England"
0000989,Q34217,"Oxford, Oxfordshire, England"
0000990,Q34217,"Oxford, Oxfordshire, England"
0000991,Q34217,"Oxford, Oxfordshire, England"
0000992,Q34217,"Oxford, Oxfordshire, England"
0000993,Q34217,"Oxford, Oxfordshire, England"
0000994,Q34217,"Oxford, Oxfordshire, England"
0000998,Q269980,"Newry, Co. Down, Ireland"
0001003,Q84,"London, England"
0001005,Q213832,"Dudley, West Midlands, England"
0001010,Q1002124,"Lanark, Strathclyde, Scotland"
0001011,Q408536,"Airdrie, Strathclyde, Scotland"
0001017,Q84,"London, England"
0001019,Q84,"London, England"
0001020,Q84,"London, England"
0001021,Q84,"London, England"
0001024,Q84,"London, England"
0001025,Q84,"London, England"
0001026,Q84,"London, England"
0001055,Q84,"London, England"
0001062,Q691685,"Kirkcaldy, Fife, Scotland"
0001065,Q611046,"Driffield, Humberside, England"
0001069,Q817481,"Wetherby, West Yorkshire, England"
0001070,Q817481,"Wetherby, West Yorkshire, England"
0001073,Q3532,"Hemel Hempstead, Hertfordshire, England"
0001074,Q779603,"Market Rasen, Lincolnshire, England"
0001075,Q779603,"Market Rasen, Lincolnshire, England"
0001077,Q1185203,"Spalding, Lincolnshire, England"
0001079,Q195955,"Buckingham, Buckinghamshire, England"
0001080,Q195955,"Buckingham, Buckinghamshire, England"
0001081,Q195955,"Buckingham, Buckinghamshire, England"
0001082,Q195955,"Buckingham, Buckinghamshire, England"
0001083,Q43475,"Derby, Derbyshire, England"
0001084,Q43475,"Derby, Derbyshire, England"
0001090,Q58900,"Doncaster, South Yorkshire, England"
0001091,Q2462645,"Leighton Buzzard, Bedfordshire, England"
0001094,Q83065,"Leicester, Leicestershire, England"
0001095,Q83065,"Leicester, Leicestershire, England"
0001097,Q213180,"Maidstone, Kent, England"
0001098,Q213180,"Maidstone, Kent, England"
0001102,Q798906,"Penrith, Cumbria, England"
0001103,Q852778,"Whitby, North Yorkshire, England"
0001104,Q84,"London, England"
0001110,Q691685,"Kirkcaldy, Fife, Scotland"
0001112,Q84,"London, England"
0001115,Q163584,"Londonderry, Co. Londonderry, Ireland"
0001116,Q42448,"Sheffield, South Yorkshire, England"
0001122,Q1185203,"Spalding, Lincolnshire, England"
0001123,Q163584,"Londonderry, Co. Londonderry, Ireland"
0001125,Q1976655,"Prescot, Merseyside, England"
0001128,Q1976655,"Prescot, Merseyside, England"
0001129,Q10686,"Belfast, Ireland"
0001138,Q654216,"Ayr, Strathclyde, Scotland"
0001139,Q914040,"Bridport, Dorset, England"
0001142,Q636627,"Whitchurch, Shropshire, England"
0001144,Q104365327,"Omagh, Co. Tyrone, Ireland"
0001152,Q128147,"Hull, Humberside, England"
0001156,Q1012031,"Wisbech, Cambridgeshire, England"
0001163,Q4093,"Glasgow, Strathclyde, Scotland"
0001166,Q868647,"Southport, Merseyside, England"
0001168,Q1755020,"Tynemouth, Tyne and Wear, England"
0001173,Q203000,"Perth, Tayside, Scotland"
0001174,Q203000,"Perth, Tayside, Scotland"
0001181,Q1009221,"Oswestry, Shropshire, England"
0001185,Q496368,"Wrexham, Clwyd, Wales"
0001187,Q743521,"Scarborough, North Yorkshire, England"
0001188,Q1012481,"Whitehaven, Cumbria, England"
0001190,Q19798,"Hitchin, Hertfordshire, England"
0001192,Q1234840,"Bideford, Devon, England"
0001193,Q1234840,"Bideford, Devon, England"
0001194,Q980084,"Nairn, Highland Region, Scotland"
0001195,Q54809,"Banff, Grampian, Scotland"
0001207,Q996492,"Llandudno, Gwynedd, Wales"
0001210,Q623323,"Malvern, Hereford & Worcester, England"
0001211,Q623323,"Malvern, Hereford & Worcester, England"
0001231,Q663599,"Faringdon, Oxfordshire, England"
0001235,Q1010210,"Redruth, Cornwall, England"
0001236,Q474605,"Rochdale, Greater Manchester, England"
0001243,Q784467,"Tadcaster, North Yorkshire, England"
0001244,Q784467,"Tadcaster, North Yorkshire, England"
0001245,Q209055,"Torquay, Devon, England"
0001254,Q84,"London, England"
0001255,Q84,"London, England"
0001256,Q84,"London, England"
0001257,Q84,"London, England"
0001258,Q84,"London, England"
0001259,Q84,"London, England"
0001260,Q84,"London, England"
0001271,Q1002177,"Stonehaven, Grampian, Scotland"
0001272,Q156990,"Monmouth, Gwent, Wales"
0001273,Q1617126,"Pateley Bridge, North Yorkshire, England"
0001274,Q771986,"Chepstow, Gwent, Wales"
0001275,Q2019908,"Liskeard, Cornwall, England"
0001277,Q1024917,"Downpatrick, Co. Down, Ireland"
0001281,Q654945,"Kelso, Borders Region, Scotland"
0001283,Q1108185,"Coleraine, Co. Londonderry, Ireland"
0001286,Q84,"London, England"
0001288,Q213474,"Aylesbury, Buckinghamshire, England"
0001289,Q208257,"Bedford, Bedfordshire, England"
0001290,Q208257,"Bedford, Bedfordshire, England"
0001291,Q184579,"Bolton, Greater Manchester, England"
0001292,Q184579,"Bolton, Greater Manchester, England"
0001293,Q184579,"Bolton, Greater Manchester, England"
0001294,Q904472,"Brecon, Powys, Wales"
0001295,Q904472,"Brecon, Powys, Wales"
0001297,Q128147,"Hull, Humberside, England"
0001299,Q24826,"Liverpool, Merseyside, England"
0001300,Q24826,"Liverpool, Merseyside, England"
0001316,Q84,"London, England"
0001318,Q163584,"Londonderry, Co. Londonderry, Ireland"
0001321,Q616587,"Framlingham, Suffolk, England"
0001323,Q84,"London, England"
0001324,Q184775,"Ipswich, Suffolk, England"
0001325,Q184775,"Ipswich, Suffolk, England"
0001330,Q676689,"Gravesend, Kent, England"
0001331,Q676689,"Gravesend, Kent, England"
0001334,Q845623,"Weston-super-Mare, Avon, England"
0001337,Q1244568,"Hartland, Devon, England"
0001338,Q1244568,"Hartland, Devon, England"
0001339,Q546635,"Leamington, Warwickshire, England"
0001340,Q546635,"Leamington, Warwickshire, England"
0001348,Q383912,"Glossop, Derbyshire, England"
0001350,Q1007106,"Totnes, Devon, England"
0001352,Q1976655,"Prescot, Merseyside, England"
0001357,Q1570884,"Halesworth, Suffolk, England"
0001363,Q2061067,"Ilkeston, Derbyshire, England"
0001365,Q72259,"Portsmouth, Hampshire, England"
0001366,Q504530,"Walsall, West Midlands, England"
0001367,Q732745,"Warminster, Wiltshire, England"
0001369,Q845623,"Weston-super-Mare, Avon, England"
0001372,Q193452,"Armagh, Co. Armagh, Ireland"
0001375,Q10686,"Belfast, Ireland"
0001393,Q84,"London, England"
0001394,Q84,"London, England"
0001395,Q4093,"Glasgow, Strathclyde, Scotland"
0001396,Q4093,"Glasgow, Strathclyde, Scotland"
0001397,Q4093,"Glasgow, Strathclyde, Scotland"
0001401,Q29303,"Canterbury, Kent, England"
0001402,Q29303,"Canterbury, Kent, England"
0001403,Q29303,"Canterbury, Kent, England"
0001404,Q29303,"Canterbury, Kent, England"
0001410,Q919778,"Dunstable, Bedfordshire, England"
0001411,Q1242441,"Frome, Somerset, England"
0001412,Q2057705,"Ross-on-Wye, Hereford & Worcester, England"
0001413,Q2057705,"Ross-on-Wye, Hereford & Worcester, England"
0001415,Q4093,"Glasgow, Strathclyde, Scotland"
0001417,Q776556,"Ryde, Isle of Wight, England"
0001420,Q209055,"Torquay, Devon, England"
0001421,Q420303,"Montrose, Tayside, Scotland"
0001422,Q23436,"Edinburgh, Lothian, Scotland"
0001426,Q805451,"Ballymena, Co. Antrim, Ireland"
0001428,Q213180,"Maidstone, Kent, England"
0001429,Q213180,"Maidstone, Kent, England"
0001431,Q123709,"Dundee, Tayside, Scotland"
0001432,Q845619,"Taunton, Somerset, England"
0001434,Q995647,"Sidmouth, Devon, England"
0001435,Q36405,"Aberdeen, Grampian, Scotland"
0001436,Q646980,"Aldershot, Hampshire, England"
0001438,Q504678,"Berwick-upon-Tweed, Northumberland, England"
0001439,Q504678,"Berwick-upon-Tweed, Northumberland, England"
0001442,Q2588021,"Leigh, Greater Manchester, England"
0001443,Q845623,"Weston-super-Mare, Avon, England"
0001444,Q845623,"Weston-super-Mare, Avon, England"
0001451,Q84,"London, England"
0001452,Q84,"London, England"
0001455,Q771986,"Chepstow, Gwent, Wales"
0001456,Q207639,"Chichester, West Sussex, England"
0001457,Q2078535,"Chorley, Lancashire, England"
0001458,Q4093,"Glasgow, Strathclyde, Scotland"
0001459,Q4093,"Glasgow, Strathclyde, Scotland"
0001461,Q4093,"Glasgow, Strathclyde, Scotland"
0001463,Q2057705,"Ross-on-Wye, Hereford & Worcester, England"
0001464,Q42448,"Sheffield, South Yorkshire, England"
0001466,Q201970,"Shrewsbury, Shropshire, England"
0001467,Q201970,"Shrewsbury, Shropshire, England"
0001468,Q1016944,"Peterhead, Grampian, Scotland"
0001469,Q1016944,"Peterhead, Grampian, Scotland"
0001473,Q36405,"Aberdeen, Grampian, Scotland"
0001474,Q36405,"Aberdeen, Grampian, Scotland"
0001480,Q163584,"Londonderry, Co. Londonderry, Ireland"
0001481,Q586895,"Sherborne, Dorset, England"
0001482,Q586895,"Sherborne, Dorset, England"
0001483,Q503331,"Dorchester, Dorset, England"
0001485,Q84,"London, England"
0001487,Q123709,"Dundee, Tayside, Scotland"
0001488,Q215752,"Hartlepool, Cleveland, England"
0001498,Q1010210,"Redruth, Cornwall, England"
0001499,Q1010210,"Redruth, Cornwall, England"
0001500,Q1010210,"Redruth, Cornwall, England"
0001502,Q201970,"Shrewsbury, Shropshire, England"
0001503,Q201970,"Shrewsbury, Shropshire, England"
0001504,Q201970,"Shrewsbury, Shropshire, England"
0001507,Q36405,"Aberdeen, Grampian, Scotland"
0001508,Q36405,"Aberdeen, Grampian, Scotland"
0001509,Q84,"London, England"
0001510,Q84,"London, England"
0001511,Q84,"London, England"
0001512,Q84,"London, England"
0001513,Q84,"London, England"
0001514,Q84,"London, England"
0001515,Q84,"London, England"
0001516,Q84,"London, England"
0001521,Q311975,"Boston, Lincolnshire, England"
0001522,Q311975,"Boston, Lincolnshire, England"
0001523,Q806160,"Banbury, Oxfordshire, England"
0001524,Q680984,"Bellshill, Strathclyde, Scotland"
0001527,Q1229288,"Diss, Norfolk, England"
0001530,Q853012,"Bexhill, East Sussex, England"
0001531,Q935686,"Larne, Co. Antrim, Ireland"
0001533,Q237250,"Thetford, Norfolk, England"
0001534,Q237250,"Thetford, Norfolk, England"
0001535,Q2080375,"Belper, Derbyshire, England"
0001536,Q2080375,"Belper, Derbyshire, England"
0001537,Q2080375,"Belper, Derbyshire, England"
0001538,Q2080375,"Belper, Derbyshire, England"
0001541,Q525508,"Dewsbury, West Yorkshire, England"
0001543,Q2078535,"Chorley, Lancashire, England"
0001546,Q22905,"Brechin, Tayside, Scotland"
0001548,Q1020958,"Ormskirk, Lancashire, England"
0001549,Q1077003,"Nantwich, Cheshire, England"
0001550,Q84,"London, England"
0001551,Q806160,"Banbury, Oxfordshire, England"
0001554,Q1828035,"Lisburn, Co. Antrim, Ireland"
0001555,Q265647,"Trowbridge, Wiltshire, England"
0001556,Q265647,"Trowbridge, Wiltshire, England"
0001557,Q265647,"Trowbridge, Wiltshire, England"
0001558,Q732745,"Warminster, Wiltshire, England"
0001560,Q459773,"Broughty Ferry, Tayside, Scotland"
0001561,Q851718,"Beverley, Humberside, England"
0001562,Q851718,"Beverley, Humberside, England"
0001563,Q851718,"Beverley, Humberside, England"
0001564,Q851718,"Beverley, Humberside, England"
0001565,Q851718,"Beverley, Humberside, England"
0001569,Q852778,"Whitby, North Yorkshire, England"
0001577,Q691685,"Kirkcaldy, Fife, Scotland"
0001579,Q2422689,"Kirkintilloch, Strathclyde, Scotland"
0001581,Q188313,"Blackburn, Lancashire, England"
0001582,Q188313,"Blackburn, Lancashire, England"
0001583,Q1021319,"Sudbury, Suffolk, England"
0001584,Q1021319,"Sudbury, Suffolk, England"
0001585,Q991532,"Grays, Essex, England"
0001586,Q991532,"Grays, Essex, England"
0001587,Q2462706,"Waltham Abbey, Essex, England"
0001588,Q2462706,"Waltham Abbey, Essex, England"
0001589,Q319369,"Aberdare, Mid Glamorgan, Wales"
0001590,Q2734868,"Brierley Hill, West Midlands, England"
0001591,Q501023,"Wednesbury, West Midlands, England"
0001592,Q501023,"Wednesbury, West Midlands, England"
0001593,Q10686,"Belfast, Ireland"
0001594,Q213832,"Dudley, West Midlands, England"
0001595,Q213832,"Dudley, West Midlands, England"
0001596,Q213832,"Dudley, West Midlands, England"
0001598,Q920646,"Haywards Heath, West Sussex, England"
0001599,Q84,"London, England"
0001601,Q839811,"Ludlow, Shropshire, England"
0001602,Q839811,"Ludlow, Shropshire, England"
0001603,Q160642,"Salisbury, Wiltshire, England"
0001604,Q1009331,"Alloa, Central Region, Scotland"
0001605,Q806160,"Banbury, Oxfordshire, England"
0001606,Q1788889,"Ossett, West Yorkshire, England"
0001607,Q2422689,"Kirkintilloch, Strathclyde, Scotland"
0001608,Q215829,"Harrogate, North Yorkshire, England"
0001609,Q64116,"High Wycombe, Buckinghamshire, England"
0001610,Q782155,"Jarrow, Tyne and Wear, England"
0001612,Q180057,"Lincoln, Lincolnshire, England"
0001613,Q550110,"Yeovil, Somerset, England"
0001616,Q175632,"Nuneaton, Warwickshire, England"
0001617,Q208209,"Penzance, Cornwall, England"
0001618,Q1247815,"Petersfield, Hampshire, England"
0001620,Q43382,"Plymouth, Devon, England"
0001621,Q1009235,"Pontefract, West Yorkshire, England"
0001622,Q1009235,"Pontefract, West Yorkshire, England"
0001623,Q1001935,"Stranraer, Dumfries & Galloway, Scotland"
0001626,Q971223,"Buxton, Derbyshire, England"
0001629,Q172438,"Peterborough, Cambridgeshire, England"
0001631,Q10686,"Belfast, Ireland"
0001635,Q210985,"Chelmsford, Essex, England"
0001636,Q206988,"Cheltenham, Gloucestershire, England"
0001638,Q54212,"Barnsley, South Yorkshire, England"
0001639,Q660484,"Newton Abbot, Devon, England"
0001641,Q131491,"Brighton, East Sussex, England"
0001643,Q868637,"Macclesfield, Cheshire, England"
0001651,Q84,"London, England"
0001652,Q84,"London, England"
0001653,Q179815,"Durham, Durham, England"
0001654,Q179815,"Durham, Durham, England"
0001655,Q1007083,"Dartmouth, Devon, England"
0001656,Q1007083,"Dartmouth, Devon, England"
0001657,Q549761,"Warwick, Warwickshire, England"
0001660,Q2256,"Birmingham, West Midlands, England"
0001661,Q2256,"Birmingham, West Midlands, England"
0001662,Q2256,"Birmingham, West Midlands, England"
0001663,Q131491,"Brighton, East Sussex, England"
0001664,Q1425428,"Newcastle-upon-Tyne, Tyne and Wear, England"
0001667,Q184090,"Preston, Lancashire, England"
0001669,Q130191,"Norwich, Norfolk, England"
0001670,Q549761,"Warwick, Warwickshire, England"
0001673,Q320514,"Lancaster, Lancashire, England"
0001674,Q320514,"Lancaster, Lancashire, England"
0001675,Q971223,"Buxton, Derbyshire, England"
0001679,Q84,"London, England"
0001681,Q84,"London, England"
0001682,Q84,"London, England"
0001689,Q287590,"Launceston, Cornwall, England"
0001690,Q287590,"Launceston, Cornwall, England"
0001691,Q287590,"Launceston, Cornwall, England"
0001692,Q287590,"Launceston, Cornwall, England"
0001693,Q1025602,"Dungannon, Co. Tyrone, Ireland"
0001694,Q54809,"Banff, Grampian, Scotland"
0001695,Q287590,"Launceston, Cornwall, England"
0001697,Q736439,"Ramsgate, Kent, England"
0001700,Q42448,"Sheffield, South Yorkshire, England"
0001701,Q42448,"Sheffield, South Yorkshire, England"
0001702,Q84,"London, England"
0001704,Q805451,"Ballymena, Co. Antrim, Ireland"
0001707,Q184775,"Ipswich, Suffolk, England"
0001708,Q184775,"Ipswich, Suffolk, England"
0001709,Q1421532,"Shipley, West Yorkshire, England"
0001710,Q1421532,"Shipley, West Yorkshire, England"
0001711,Q1421532,"Shipley, West Yorkshire, England"
0001712,Q84,"London, England"
0001716,Q84,"London, England"
0001720,Q131491,"Brighton, East Sussex, England"
0001721,Q84,"London, England"
0001724,Q130191,"Norwich, Norfolk, England"
0001725,Q947400,"Hexham, Northumberland, England"
0001727,Q184775,"Ipswich, Suffolk, England"
0001736,Q36405,"Aberdeen, Grampian, Scotland"
0001737,Q1012300,"Castle Douglas, Dumfries & Galloway, Scotland"
0001738,Q211870,"Paisley, Strathclyde, Scotland"
0001739,Q564495,"Annan, Dumfries & Galloway, Scotland"
0001742,Q207736,"Saint Andrews, Fife, Scotland"
0001748,Q184163,"Colchester, Essex, England"
0001751,Q655874,"Newbury, Berkshire, England"
0001766,Q84,"London, England"
0001767,Q84,"London, England"
0001777,Q203995,"Southend-on-Sea, Essex, England"
0001785,Q844062,"Kidderminster, Hereford & Worcester, England"
0001795,Q19804,"Royston, Hertfordshire, England"
0001809,Q507517,"Rochester, Kent, England"
0001810,Q507517,"Rochester, Kent, England"
0001813,Q84,"London, England"
0001823,Q658902,"Otley, West Yorkshire, England"
0001825,Q841979,"Mansfield, Nottinghamshire, England"
0001834,Q29303,"Canterbury, Kent, England"
0001842,Q130191,"Norwich, Norfolk, England"
0001875,Q192896,"Carlisle, Cumbria, England"
0001876,Q4093,"Glasgow, Strathclyde, Scotland"
0001878,Q1011507,"Peebles, Borders Region, Scotland"
0001881,Q1020232,"Golspie, Highland Region, Scotland"
0001882,Q2281658,"Haddington, Lothian, Scotland"
0001883,Q1011416,"Dingwall, Highland Region, Scotland"
0001884,Q311975,"Boston, Lincolnshire, England"
0001887,Q311975,"Boston, Lincolnshire, England"
0001888,Q311975,"Boston, Lincolnshire, England"
0001892,Q2741834,"Llanidloes, Powys, Wales"
0001893,Q2741834,"Llanidloes, Powys, Wales"
0001894,Q41262,"Nottingham, Nottinghamshire, England"
0001895,Q41262,"Nottingham, Nottinghamshire, England"
0001896,Q41262,"Nottingham, Nottinghamshire, England"
0001897,Q41262,"Nottingham, Nottinghamshire, England"
0001899,Q1001942,"Oakham, Leicestershire, England"
0001900,Q1001942,"Oakham, Leicestershire, England"
0001901,Q1001942,"Oakham, Leicestershire, England"
0001902,Q1001942,"Oakham, Leicestershire, England"
0001904,Q1001942,"Oakham, Leicestershire, England"
0001905,Q781885,"Kinross, Tayside, Scotland"
0001906,Q1016911,"Linlithgow, Lothian, Scotland"
0001907,Q1016911,"Linlithgow, Lothian, Scotland"
0001909,Q1818828,"Rothesay, Strathclyde, Scotland"
0001911,Q1011416,"Dingwall, Highland Region, Scotland"
0001912,Q42448,"Sheffield, South Yorkshire, England"
0001913,Q42448,"Sheffield, South Yorkshire, England"
0001914,Q42448,"Sheffield, South Yorkshire, England"
0001917,Q207639,"Chichester, West Sussex, England"
0001921,Q890621,"Bognor Regis, West Sussex, England"
0001923,Q177544,"Horsham, West Sussex, England"
0001924,Q177544,"Horsham, West Sussex, England"
0001925,Q177544,"Horsham, West Sussex, England"
0001928,Q208262,"Eastbourne, East Sussex, England"
0001929,Q527391,"Bridlington, Humberside, England"
0001930,Q10686,"Belfast, Ireland"
0001931,Q1010328,"Kilsyth, Strathclyde, Scotland"
0001932,Q623765,"Rugby, Warwickshire, England"
0001933,Q623765,"Rugby, Warwickshire, England"
0001934,Q623765,"Rugby, Warwickshire, England"
0001935,Q977991,"Skegness, Lincolnshire, England"
0001936,Q669171,"Newtown, Powys, Wales"
0001937,Q669171,"Newtown, Powys, Wales"
0001938,Q669171,"Newtown, Powys, Wales"
0001940,Q1327770,"Todmorden, West Yorkshire, England"
0001941,Q84,"London, England"
0001943,Q237253,"Great Yarmouth, Norfolk, England"
0001944,Q826782,"Stafford, Staffordshire, England"
0001945,Q84,"London, England"
0001949,Q84,"London, England"
0001951,Q10686,"Belfast, Ireland"
0001952,Q84,"London, England"
0001953,Q84,"London, England"
0001955,Q852772,"Cirencester, Gloucestershire, England"
0001956,Q138873,"Fraserburgh, Grampian, Scotland"
0001957,Q1000740,"Goole, Humberside, England"
0001958,Q1000740,"Goole, Humberside, England"
0001959,Q1000740,"Goole, Humberside, England"
0001960,Q985594,"Newport, Isle of Wight, England"
0001961,Q914000,"Bridgnorth, Shropshire, England"
0001962,Q84,"London, England"
0001963,Q84,"London, England"
0001964,Q4093,"Glasgow, Strathclyde, Scotland"
0001965,Q4093,"Glasgow, Strathclyde, Scotland"
0001966,Q516131,"Skipton, North Yorkshire, England"
0001967,Q516131,"Skipton, North Yorkshire, England"
0001968,Q420303,"Montrose, Tayside, Scotland"
0001971,Q564495,"Annan, Dumfries & Galloway, Scotland"
0001972,Q1009221,"Oswestry, Shropshire, England"
0001973,Q72259,"Portsmouth, Hampshire, England"
0001975,Q2009813,"Northwich, Cheshire, England"
0001976,Q986007,"Lowestoft, Suffolk, England"
0001977,Q986007,"Lowestoft, Suffolk, England"
0001978,Q986007,"Lowestoft, Suffolk, England"
0001980,Q655874,"Newbury, Berkshire, England"
0001981,Q84,"London, England"
0001982,Q84,"London, England"
0001983,Q130191,"Norwich, Norfolk, England"
0001987,Q1020354,"Carrickfergus, Co. Antrim, Ireland"
0001988,Q1020354,"Carrickfergus, Co. Antrim, Ireland"
0001989,Q1108185,"Coleraine, Co. Londonderry, Ireland"
0001990,Q1108185,"Coleraine, Co. Londonderry, Ireland"
0001992,Q2569076,"March, Cambridgeshire, England"
0001993,Q2569076,"March, Cambridgeshire, England"
0001994,Q2569076,"March, Cambridgeshire, England"
0001995,Q1012031,"Wisbech, Cambridgeshire, England"
0001996,Q685640,"Huntingdon, Cambridgeshire, England"
0001997,Q84,"London, England"
0001998,Q84,"London, England"
0001999,Q84,"London, England"
0002000,Q237253,"Great Yarmouth, Norfolk, England"
0002001,Q841979,"Mansfield, Nottinghamshire, England"
0002002,Q1007093,"Exmouth, Devon, England"
0002003,Q1007093,"Exmouth, Devon, England"
0002004,Q302893,"East Dereham, Norfolk, England"
0002005,Q84,"London, England"
0002006,Q1129639,"Cookstown, Co. Tyrone, Ireland"
0002007,Q45848,"Brechin, Angus, Scotland"
0002008,Q1438673,"Milngavie, Strathclyde, Scotland"
0002009,Q1011389,"Carluke, Strathclyde, Scotland"
0002011,Q990168,"Keighley, West Yorkshire, England"
0002013,Q84,"London, England"
0002014,Q1016944,"Peterhead, Grampian, Scotland"
0002015,Q1016944,"Peterhead, Grampian, Scotland"
0002016,Q1016944,"Peterhead, Grampian, Scotland"
0002019,Q1628403,"Horncastle, Lincolnshire, England"
0002021,Q1702713,"Lurgan, Co. Armagh, Ireland"
0002024,Q996509,"Forfar, Tayside, Scotland"
0002025,Q783570,"Market Harborough, Leicestershire, England"
0002028,Q213474,"Aylesbury, Buckinghamshire, England"
0002029,Q1016985,"Newton Stewart, Dumfries & Galloway, Scotland"
0002030,Q535902,"Knaresborough, North Yorkshire, England"
0002031,Q535902,"Knaresborough, North Yorkshire, England"
0002035,Q985279,"Morecambe, Lancashire, England"
0002037,Q936514,"Ripley, Derbyshire, England"
0002038,Q2011679,"Winsford, Cheshire, England"
0002040,Q1008765,"Clitheroe, Lancashire, England"
0002042,Q2588021,"Leigh, Greater Manchester, England"
0002043,Q779813,"Cardigan, Dyfed, Wales"
0002045,Q2094727,"Thame, Oxfordshire, England"
0002051,Q2409258,"Epworth, Humberside, England"
0002052,Q2409258,"Epworth, Humberside, England"
0002054,Q213181,"Darlington, Durham, England"
0002055,Q1012025,"Alcester, Warwickshire, England"
0002057,Q810196,"Basingstoke, Hampshire, England"
0002058,Q914015,"Bridgwater, Somerset, England"
0002059,Q914015,"Bridgwater, Somerset, England"
0002060,Q2020203,"Rhyl, Clwyd, Wales"
0002061,Q2020203,"Rhyl, Clwyd, Wales"
0002062,Q904472,"Brecon, Powys, Wales"
0002063,Q117810,"Chard, Somerset, England"
0002064,Q1186888,"Denbigh, Clwyd, Wales"
0002065,Q1186888,"Denbigh, Clwyd, Wales"
0002066,Q2057705,"Ross-on-Wye, Hereford & Worcester, England"
0002067,Q2057705,"Ross-on-Wye, Hereford & Worcester, England"
0002068,Q2057705,"Ross-on-Wye, Hereford & Worcester, England"
0002069,Q213154,"Aberystwyth, Dyfed, Wales"
0002070,Q213154,"Aberystwyth, Dyfed, Wales"
0002071,Q213154,"Aberystwyth, Dyfed, Wales"
0002072,Q213154,"Aberystwyth, Dyfed, Wales"
0002073,Q4131,"Hamilton, Strathclyde, Scotland"
0002074,Q4131,"Hamilton, Strathclyde, Scotland"
0002075,Q558878,"Tenby, Dyfed, Wales"
0002078,Q914015,"Bridgwater, Somerset, England"
0002079,Q609161,"Abergavenny, Gwent, Wales"
0002083,Q24826,"Liverpool, Merseyside, England"
0002084,Q24826,"Liverpool, Merseyside, England"
0002085,Q24826,"Liverpool, Merseyside, England"
0002088,Q24826,"Liverpool, Merseyside, England"
0002089,Q24826,"Liverpool, Merseyside, England"
0002090,Q24826,"Liverpool, Merseyside, England"
0002092,Q251903,"Bicester, Oxfordshire, England"
0002094,Q990166,"Witney, Oxfordshire, England"
0002095,Q990166,"Witney, Oxfordshire, England"
0002096,Q2274623,"Tenbury Wells, Hereford & Worcester, England"
0002097,Q2274623,"Tenbury Wells, Hereford & Worcester, England"
0002098,Q2274623,"Tenbury Wells, Hereford & Worcester, England"
0002099,Q776556,"Ryde, Isle of Wight, England"
0002100,Q776556,"Ryde, Isle of Wight, England"
0002101,Q546635,"Leamington, Warwickshire, England"
0002102,Q546635,"Leamington, Warwickshire, England"
0002103,Q546635,"Leamington, Warwickshire, England"
0002104,Q464955,"Windsor, Berkshire, England"
0002105,Q550424,"Leominster, Hereford & Worcester, England"
0002106,Q161491,"Reading, Berkshire, England"
0002107,Q161491,"Reading, Berkshire, England"
0002108,Q251903,"Bicester, Oxfordshire, England"
0002110,Q2277559,"Bromyard, Hereford & Worcester, England"
0002111,Q246884,"Lewes, East Sussex, England"
0002112,Q246884,"Lewes, East Sussex, England"
0002113,Q1018423,"Melton Mowbray, Leicestershire, England"
0002114,Q193452,"Armagh, Co. Armagh, Ireland"
0002118,Q84,"London, England"
0002119,Q285323,"Staines, Surrey, England"
0002120,Q285323,"Staines, Surrey, England"
0002121,Q285323,"Staines, Surrey, England"
0002122,Q1327770,"Todmorden, West Yorkshire, England"
0002123,Q1327770,"Todmorden, West Yorkshire, England"
0002124,Q1327770,"Todmorden, West Yorkshire, England"
0002125,Q22905,"Brechin, Tayside, Scotland"
0002126,Q192240,"Northampton, Northamptonshire, England"
0002127,Q192240,"Northampton, Northamptonshire, England"
0002128,Q192240,"Northampton, Northamptonshire, England"
0002129,Q192240,"Northampton, Northamptonshire, England"
0002130,Q192240,"Northampton, Northamptonshire, England"
0002131,Q41262,"Nottingham, Nottinghamshire, England"
0002132,Q585963,"Evesham, Hereford & Worcester, England"
0002140,Q23154,"Bristol, Avon, England"
0002142,Q23154,"Bristol, Avon, England"
0002144,Q23154,"Bristol, Avon, England"
0002145,Q23154,"Bristol, Avon, England"
0002146,Q23154,"Bristol, Avon, England"
0002148,Q83065,"Leicester, Leicestershire, England"
0002149,Q83065,"Leicester, Leicestershire, England"
0002153,Q648810,"Crewe, Cheshire, England"
0002154,Q1125738,"Congleton, Cheshire, England"
0002160,Q1018225,"Saint Neots, Cambridgeshire, England"
0002161,Q1018225,"Saint Neots, Cambridgeshire, England"
0002162,Q1012401,"Jedburgh, Borders Region, Scotland"
0002163,Q84,"London, England"
0002164,Q23154,"Bristol, Avon, England"
0002165,Q84,"London, England"
0002166,Q716658,"Arundel, Sussex, England"
0002167,Q671348,"Worthing, West Sussex, England"
0002170,Q925424,"Christchurch, Dorset, England"
0002171,Q716658,"Arundel, West Sussex, England"
0002172,Q1010531,"Forres, Grampian, Scotland"
0002173,Q170478,"Bournemouth, Dorset, England"
0002175,Q170478,"Bournemouth, Dorset, England"
0002176,Q170478,"Bournemouth, Dorset, England"
0002177,Q170478,"Bournemouth, Dorset, England"
0002178,Q2734868,"Brierley Hill, West Midlands, England"
0002179,Q2734868,"Brierley Hill, West Midlands, England"
0002180,Q177544,"Horsham, West Sussex, England"
0002181,Q661619,"Weymouth, Dorset, England"
0002182,Q661619,"Weymouth, Dorset, England"
0002183,Q661619,"Weymouth, Dorset, England"
0002184,Q661707,"Stourbridge, West Midlands, England"
0002185,Q661707,"Stourbridge, West Midlands, England"
0002186,Q84,"London, England"
0002187,Q84,"London, England"
0002188,Q84,"London, England"
0002189,Q84,"London, England"
0002194,Q84,"London, England"
0002195,Q477350,"Ampthill, Bedfordshire, England"
0002196,Q1020231,"Newport Pagnell, Buckinghamshire, England"
0002197,Q213474,"Aylesbury, Buckinghamshire, England"
0002198,Q208257,"Bedford, Bedfordshire, England"
0002199,Q208257,"Bedford, Bedfordshire, England"
0002200,Q251903,"Bicester, Oxfordshire, England"
0002201,Q251903,"Bicester, Oxfordshire, England"
0002202,Q251903,"Bicester, Oxfordshire, England"
0002203,Q251903,"Bicester, Oxfordshire, England"
0002204,Q195955,"Buckingham, Buckinghamshire, England"
0002205,Q203889,"Luton, Bedfordshire, England"
0002206,Q203889,"Luton, Bedfordshire, England"
0002207,Q203889,"Luton, Bedfordshire, England"
0002208,Q203889,"Luton, Bedfordshire, England"
0002210,Q84,"London, England"
0002211,Q84,"London, England"
0002212,Q206988,"Cheltenham, Gloucestershire, England"
0002213,Q206988,"Cheltenham, Gloucestershire, England"
0002214,Q206988,"Cheltenham, Gloucestershire, England"
0002215,Q852772,"Cirencester, Gloucestershire, England"
0002216,Q281749,"Stroud, Gloucestershire, England"
0002218,Q84,"London, England"
0002219,Q84,"London, England"
0002221,Q281749,"Stroud, Gloucestershire, England"
0002222,Q281749,"Stroud, Gloucestershire, England"
0002223,Q84,"London, England"
0002224,Q84,"London, England"
0002225,Q84,"London, England"
0002226,Q84,"London, England"
0002227,Q84,"London, England"
0002228,Q84,"London, England"
0002229,Q84,"London, England"
0002230,Q84,"London, England"
0002231,Q84,"London, England"
0002232,Q84,"London, England"
0002233,Q84,"London, England"
0002234,Q84,"London, England"
0002235,Q84,"London, England"
0002236,Q84,"London, England"
0002237,Q84,"London, England"
0002238,Q84,"London, England"
0002239,Q84,"London, England"
0002241,Q84,"London, England"
0002242,Q84,"London, England"
0002243,Q84,"London, England"
0002244,Q84,"London, England"
0002247,Q84,"London, England"
0002248,Q84,"London, England"
0002249,Q84,"London, England"
0002250,Q84,"London, England"
0002254,Q84,"London, England"
0002255,Q84,"London, England"
0002261,Q84,"London, England"
0002264,Q84,"London, England"
0002271,Q798906,"Penrith, Cumbria, England"
0002272,Q798906,"Penrith, Cumbria, England"
0002273,Q24671564,"Maryport, Cumbria, England"
0002274,Q24671564,"Maryport, Cumbria, England"
0002275,Q24671564,"Maryport, Cumbria, England"
0002276,Q24671564,"Maryport, Cumbria, England"
0002277,Q24671564,"Maryport, Cumbria, England"
0002278,Q990253,"Henley-on-Thames, Oxfordshire, England"
0002279,Q990253,"Henley-on-Thames, Oxfordshire, England"
0002280,Q2227457,"Wigton, Cumbria, England"
0002289,Q368740,"Millom, Cumbria, England"
0002290,Q391805,"Ambleside, Cumbria, England"
0002291,Q391805,"Ambleside, Cumbria, England"
0002292,Q251903,"Bicester, Oxfordshire, England"
0002293,Q990253,"Henley-on-Thames, Oxfordshire, England"
0002294,Q990253,"Henley-on-Thames, Oxfordshire, England"
0002295,Q1025076,"Keswick, Cumbria, England"
0002296,Q798906,"Penrith, Cumbria, England/Penrith, Cumberland, England"
0002298,Q988100,"Wallingford, Oxfordshire, England"
0002299,Q119936,"Windermere, Cumbria, England"
0002300,Q990166,"Witney, Oxfordshire, England"
0002301,Q1538358,"Workington, Cumbria, England"
0002302,Q1538358,"Workington, Cumbria, England"
0002303,Q1538358,"Workington, Cumbria, England"
0002304,Q1065474,"Chipping Norton, Oxfordshire, England"
0002305,Q241684,"Cockermouth, Cumbria, England"
0002309,Q994575,"Kendal, Cumbria, England"
0002310,Q84,"London, England"
0002311,Q2080165,"Hyde, Greater Manchester, England"
0002315,Q84,"London, England"
0002325,Q203349,"Poole, Dorset, England"
0002326,Q203349,"Poole, Dorset, England"
0002338,Q84,"London, England"
0002339,Q84,"London, England"
0002340,Q84,"London, England"
0002345,Q668262,"Tavistock, Devon, England"
0002353,Q84,"London, England"
0002364,Q84,"London, England"
0002365,Q84,"London, England"
0002380,Q84,"London, England"
0002392,Q1027134,"Newport, Shropshire, England"
0002396,Q84,"London, England"
0002405,Q1027134,"Newport, Shropshire, England"
0002406,Q84,"London, England"
0002442,Q208329,"Kirkwall, Orkney, Scotland"
0002446,Q84,"London, England"
0002447,Q84,"London, England"
0002522,Q208329,"Kirkwall, Orkney, Scotland"
0002523,Q84,"London, England"
0002524,Q84,"London, England"
0002525,Q84,"London, England"
0002529,Q34217,"Oxford, Oxfordshire, England"
0002530,Q34217,"Oxford, Oxfordshire, England"
0002533,Q84,"London, England"
0002535,Q806551,"Bangor, Down, Northern Ireland"
0002536,Q990109,"Enniskillen, Fermanagh, Northern Ireland"
0002537,Q768714,"Portadown, Co. Armagh, Ireland"
0002538,Q768714,"Portadown, Co. Armagh, Ireland"
0002539,Q768714,"Portadown, Co. Armagh, Ireland"
0002540,Q768714,"Portadown, Co. Armagh, Ireland"
0002541,Q768714,"Portadown, Co. Armagh, Ireland"
0002542,Q1027659,"Strabane, Co. Tyrone, Ireland"
0002544,Q2708607,"Kington, Hereford & Worcester, England"
0002545,Q2708607,"Kington, Hereford & Worcester, England"
0002546,Q806551,"Bangor, Co. Down, Ireland"
0002550,Q10686,"Belfast, Ireland"
0002551,Q10686,"Belfast, Ireland"
0002552,Q10686,"Belfast, Ireland"
0002553,Q84,"London, England"
0002554,Q1702713,"Lurgan, Co. Armagh, Ireland"
0002556,Q84,"London, England"
0002557,Q84,"London, England"
0002558,Q84,"London, England"
0002559,Q585963,"Evesham, Hereford & Worcester, England"
0002560,Q585963,"Evesham, Hereford & Worcester, England"
0002561,Q1012502,"Wick, Highland Region, Scotland"
0002562,Q84,"London, England"
0002563,Q84,"London, England"
0002565,Q84,"London, England"
0002567,Q84,"London, England"
0002568,Q23154,"Bristol, Avon, England"
0002570,Q84,"London, England"
0002571,Q1702713,"Lurgan, Co. Armagh, Ireland"
0002572,Q84,"London, England"
0002596,Q18125,"Manchester, Greater Manchester, England"
0002597,Q215733,"Warrington, Cheshire, England"
0002598,Q215733,"Warrington, Cheshire, England"
0002599,Q501023,"Wednesbury, West Midlands, England"
0002600,Q201114,"Wenlock, Shropshire, England"
0002601,Q1022741,"Widnes, Cheshire, England"
0002602,Q126269,"Wolverhampton, West Midlands, England"
0002603,Q126269,"Wolverhampton, West Midlands, England"
0002604,Q126269,"Wolverhampton, West Midlands, England"
0002605,Q126269,"Wolverhampton, West Midlands, England"
0002606,Q992665,"Cannock, Staffordshire, England"
0002607,Q989418,"Stockton-on-Tees, Cleveland, England"
0002608,Q1009316,"Runcorn, Cheshire, England"
0002609,Q1009316,"Runcorn, Cheshire, England"
0002610,Q153647,"Saint Helens, Merseyside, England"
0002611,Q1398653,"Stalybridge, Greater Manchester, England"
0002612,Q134902,"Stoke-on-Trent, Staffordshire, England"
0002613,Q134902,"Stoke-on-Trent, Staffordshire, England"
0002614,Q374458,"Stretford, Greater Manchester, England"
0002615,Q704864,"Tamworth, Staffordshire, England"
0002616,Q704864,"Tamworth, Staffordshire, England"
0002617,Q2023476,"Denton, Greater Manchester, England"
0002618,Q2023476,"Denton, Greater Manchester, England"
0002619,Q2023476,"Denton, Greater Manchester, England"
0002620,Q2023476,"Denton, Greater Manchester, England"
0002621,Q2046537,"Ashby de la Zouch, Leicestershire, England"
0002622,Q39121,"Leeds, West Yorkshire, England"
0002623,Q39121,"Leeds, West Yorkshire, England"
0002627,Q84,"London, England"
0002642,Q84,"London, England"
0002643,Q84,"London, England"
0002644,Q84,"London, England"
0002645,Q84,"London, England"
0002646,Q84,"London, England"
0002647,Q84,"London, England"
0002648,Q841074,"Elgin, Moray, Scotland"
0002651,Q1003196,"Sheerness, Kent, England"
0002724,Q996509,"Forfar, Tayside, Scotland"
0002726,Q841074,"Elgin, Grampian, Scotland"
0002727,Q841074,"Elgin, Grampian, Scotland"
0002728,Q1010531,"Forres, Grampian, Scotland"
0002729,Q4093,"Glasgow, Strathclyde, Scotland"
0002730,Q4093,"Glasgow, Strathclyde, Scotland"
0002731,Q23436,"Edinburgh, Lothian, Scotland"
0002732,Q84,"London, England"
0002734,Q84,"London, England"
0002740,Q630668,"Arbroath, Tayside, Scotland"
0002741,Q691685,"Kirkcaldy, Fife, Scotland"
0002742,Q23436,"Edinburgh, Lothian, Scotland"
0002743,Q23436,"Edinburgh, Lothian, Scotland"
0002744,Q23436,"Edinburgh, Lothian, Scotland"
0002745,Q23436,"Edinburgh, Lothian, Scotland"
0002746,Q4093,"Glasgow, Strathclyde, Scotland"
0002747,Q23436,"Edinburgh, Lothian, Scotland"
0002748,Q84,"London, England"
0002751,Q420303,"Montrose, Tayside, Scotland"
0002783,Q407183,"Hawick, Borders Region, Scotland"
0002818,Q2192709,"Newtownards, Down, Northern Ireland"
0002837,Q284348,"Mexborough, South Yorkshire, England"
0002839,Q886899,"Blyth, Northumberland, England"
0002840,Q886899,"Blyth, Northumberland, England"
0002841,Q886899,"Blyth, Northumberland, England"
0002842,Q886899,"Blyth, Northumberland, England"
0002843,Q826561,"Halifax, West Yorkshire, England"
0002847,Q810847,"Batley, West Yorkshire, England"
0002853,Q672545,"Barmouth, Gwynedd, Wales"
0002854,Q54212,"Barnsley, South Yorkshire, England"
0002855,Q54212,"Barnsley, South Yorkshire, England"
0002857,Q810847,"Batley, West Yorkshire, England"
0002862,Q22905,"Bradford, West Yorkshire, England"
0002863,Q22905,"Bradford, West Yorkshire, England"
0002864,Q22905,"Bradford, West Yorkshire, England"
0002865,Q904472,"Brecon, Powys, Wales"
0002866,Q904472,"Brecon, Powys, Wales"
0002867,Q904472,"Brecon, Powys, Wales"
0002868,Q183296,"Brighouse, West Yorkshire, England"
0002869,Q23154,"Bristol, Avon, England"
0002870,Q23154,"Bristol, Avon, England"
0002871,Q1000597,"Burton upon Trent, Staffordshire, England"
0002872,Q826561,"Halifax, West Yorkshire, England"
0002873,Q826561,"Halifax, West Yorkshire, England"
0002874,Q826561,"Halifax, West Yorkshire, England"
0002875,Q826561,"Halifax, West Yorkshire, England"
0002876,Q201812,"Huddersfield, West Yorkshire, England"
0002880,Q203889,"Luton, Bedfordshire, England"
0002883,Q42462,"York, North Yorkshire, England"
0002884,Q41262,"Nottingham, Nottinghamshire, England"
0002885,Q41262,"Nottingham, Nottinghamshire, England"
0002887,Q658902,"Otley, West Yorkshire, England"
0002892,Q216638,"Wakefield, West Yorkshire, England"
0002893,Q216638,"Wakefield, West Yorkshire, England"
0002894,Q216638,"Wakefield, West Yorkshire, England"
0002895,Q216638,"Wakefield, West Yorkshire, England"
0002896,Q216638,"Wakefield, West Yorkshire, England"
0002897,Q7969491,"Warley, West Midlands, England"
0002907,Q805450,"Ballymoney, Co. Antrim, Ireland"
0002934,Q213832,"Dudley, West Midlands, England"
0002936,Q1009324,"Richmond, North Yorkshire, England"
0002937,Q1009324,"Richmond, North Yorkshire, England"
0002938,Q1009324,"Richmond, North Yorkshire, England"
0002940,Q743521,"Scarborough, North Yorkshire, England"
0002942,Q200942,"Swindon, Wiltshire, England"
0002943,Q1012047,"Cupar, Fife, Scotland"
0002945,Q84,"London, England"
0002946,Q84,"London, England"
0002947,Q84,"London, England"
0002961,Q84,"London, England"
0002963,Q84,"London, England"
0002964,Q84,"London, England"
0002966,Q175632,"Nuneaton, Warwickshire, England"
0002968,Q216638,"Wakefield, West Yorkshire, England"
0002972,Q661707,"Stourbridge, West Midlands, England"
0002973,Q661707,"Stourbridge, West Midlands, England"
0002974,Q661707,"Stourbridge, West Midlands, England"
0002975,Q989418,"Stockton-on-Tees, Cleveland, England"
0002976,Q989418,"Stockton-on-Tees, Cleveland, England"
0002977,Q23051,"Swansea, West Glamorgan, Wales"
0002978,Q192896,"Carlisle, Cumbria, England"
0002979,Q192896,"Carlisle, Cumbria, England"
0002980,Q215752,"Hartlepool, Cleveland, England"
0002981,Q661619,"Weymouth, Dorset, England"
0002982,Q661619,"Weymouth, Dorset, England"
0003034,Q23051,"Swansea, West Glamorgan, Wales"
0003035,Q23051,"Swansea, West Glamorgan, Wales"
0003037,Q170377,"Blackpool, Lancashire, England"
0003038,Q170377,"Blackpool, Lancashire, England"
0003039,Q215752,"Hartlepool, Cleveland, England"
0003040,Q746718,"Birkenhead, Merseyside, England"
0003041,Q54212,"Barnsley, South Yorkshire, England"
0003042,Q671892,"Barrow-in-Furness, Cumbria, England"
0003043,Q2560190,"Alston, Cumbria, England"
0003044,Q747778,"Atherstone, Warwickshire, England"
0003045,Q747778,"Atherstone, Warwickshire, England"
0003046,Q320514,"Lancaster, Lancashire, England"
0003047,Q320514,"Lancaster, Lancashire, England"
0003048,Q851718,"Beverley, Humberside, England"
0003049,Q851718,"Beverley, Humberside, England"
0003051,Q2256,"Birmingham, West Midlands, England"
0003052,Q644530,"Blandford, Dorset, England"
0003053,Q644530,"Blandford, Dorset, England"
0003054,Q644530,"Blandford, Dorset, England"
0003055,Q644530,"Blandford, Dorset, England"
0003056,Q6497774,"Bridgend, Mid Glamorgan, Wales"
0003057,Q6497774,"Bridgend, Mid Glamorgan, Wales"
0003058,Q6497774,"Bridgend, Mid Glamorgan, Wales"
0003059,Q527391,"Bridlington, Humberside, England"
0003060,Q914040,"Bridport, Dorset, England"
0003061,Q183296,"Brighouse, West Yorkshire, England"
0003062,Q183296,"Brighouse, West Yorkshire, England"
0003063,Q826561,"Halifax, West Yorkshire, England"
0003064,Q826561,"Halifax, West Yorkshire, England"
0003065,Q2361633,"Haslingden, Lancashire, England"
0003066,Q2281103,"Kenilworth, Warwickshire, England"
0003067,Q24826,"Liverpool, Merseyside, England"
0003069,Q989418,"Stockton-on-Tees, Cleveland, England"
0003070,Q989418,"Stockton-on-Tees, Cleveland, England"
0003071,Q989418,"Stockton-on-Tees, Cleveland, England"
0003072,Q989418,"Stockton-on-Tees, Cleveland, England/Stockton-on-Tees, Durham, England"
0003073,Q989418,"Stockton-on-Tees, Cleveland, England"
0003074,Q989418,"Stockton-on-Tees, Cleveland, England"
0003075,Q989418,"Stockton-on-Tees, Cleveland, England"
0003077,Q1857774,"Nelson, Lancashire, England"
0003078,Q175632,"Nuneaton, Warwickshire, England"
0003079,Q2010576,"Penistone, South Yorkshire, England"
0003080,Q2010576,"Penistone, South Yorkshire, England"
0003081,Q2010576,"Penistone, South Yorkshire, England"
0003082,Q1024900,"Pontypridd, Mid Glamorgan, Wales"
0003083,Q203349,"Poole, Dorset, England"
0003086,Q1774629,"Irvine, Strathclyde, Scotland"
0003087,Q1774629,"Irvine, Strathclyde, Scotland"
0003088,Q4093,"Glasgow, Strathclyde, Scotland"
0003089,Q4093,"Glasgow, Strathclyde, Scotland"
0003091,Q503331,"Dorchester, Dorset, England"
0003092,Q661529,"Ripon, North Yorkshire, England"
0003094,Q2067089,"Slaithwaite, West Yorkshire, England"
0003098,Q23051,"Swansea, West Glamorgan, Wales"
0003104,Q3401140,"Gelligaer, Mid Glamorgan, Wales"
0003171,Q175632,"Nuneaton, Warwickshire, England"
0003172,Q175632,"Nuneaton, Warwickshire, England"
0003222,Q170263,"Chester, Cheshire, England"
0003232,Q84,"London, England"
0003233,Q84,"London, England"
0003243,Q84,"London, England"
0003273,Q84,"London, England"
0003274,Q84,"London, England"
0003281,Q84,"London, England"
0003398,Q18125,"Manchester, Greater Manchester, England"
0003400,Q213181,"Darlington, Durham, England"
0003401,Q213181,"Darlington, Durham, England"
0003406,Q1077003,"Nantwich, Cheshire, England"
0003408,Q525508,"Dewsbury, West Yorkshire, England"
0003537,Q84,"London, England"
0003538,Q84,"London, England"
0003539,Q84,"London, England"
0003540,Q84,"London, England"
0003541,Q84,"London, England"
0003548,Q4879473,"Bedwellty, Gwent, Wales"
